fips,county,state,longitude,latitude,population,cases_total,imported,local,unvaccinated or unknown,unvaccinated,unknown,vaccinated,less than four,five to seventeen,adult,age unknown/pending,mmr_rate,mmr_type,date,outbreak,notes,link,recent_two_weeks_cases,date_dt,recent_two_weeks_cases_total,recent_two_weeks_imported,recent_two_weeks_local
,Adams,Colorado,-104.3379,39.8736,524408,4,1.0,3,0.0,1.0,3.0,0.0,0.0,1.0,0.0,3.0,,,08/28/2025,,,https://drive.google.com/file/d/1ibv87KqrS-ErklMV2XowE9WiTduXdnik/view,,2025-08-28,0,0.0,0
,Allegan,Michigan,-85.8883,42.5913,120913,1,0.0,1,0.0,0.0,1.0,0.0,0.0,0.0,0.0,1.0,,,06/06/2025,,,https://www.allegancounty.org/home/showpublisheddocument/16698,,2025-06-06,0,0.0,0
,Allen,Indiana,-85.0665,41.0909,388791,8,0.0,8,0.0,5.0,3.0,0.0,0.0,5.0,3.0,0.0,,,04/23/2025,, a child who is unvaccinated and an adult whose vaccination status is unknown,https://allencountyhealth.com/department/news/health-officials-confirm-two-additional-measles-cases-risk-to-community-remains-low,,2025-04-23,0,0.0,0
,Allen,Ohio,-84.1058,40.7715,101685,1,1.0,0,0.0,1.0,0.0,0.0,0.0,0.0,0.0,1.0,,,03/14/2025,, an unvaccinated resident under 18 years of age,https://data.ohio.gov/wps/portal/gov/data/view/summary-of-infectious-diseases-in-ohio,,2025-03-14,0,0.0,0
,Anchorage,Alaska,-149.1082,61.1498,289069,3,2.0,1,0.0,2.0,1.0,0.0,0.0,1.0,1.0,1.0,,,10/16/2025,,"This individual traveled to the Municipality of Anchorage on Monday, October 13, 2025, from an area of the United States that is experiencing a substantial measles outbreak.",https://www.muni.org/Departments/health/PressReleases/Pages/Measles-Case-Confirmed_10-16-2025.aspx,,2025-10-16,0,0.0,0
,Andrews,Texas,-102.6377,32.305,18518,3,0.0,3,,,,,,,,,,,04/25/2025,,Added 1 new cases on 2025-04-27,https://www.dshs.texas.gov/news-alerts/measles-outbreak-2025,,2025-04-25,0,0.0,0
,Arapahoe,Colorado,-104.3393,39.6498,655709,5,4.0,1,0.0,3.0,2.0,0.0,1.0,0.0,4.0,0.0,,,06/09/2025,,The second case is in an unvaccinated Arapahoe County adult. The case was at Denver International Airport,https://cdphe.colorado.gov/press-release/colorado-public-health-officials-confirm-two-measles-cases-release-locations-for,,2025-06-09,0,0.0,0
,Archuleta,Colorado,-107.0483,37.1935,13730,1,0.0,1,0.0,0.0,1.0,0.0,0.0,0.0,1.0,0.0,,,04/09/2025,,An adult with unknown vaccination,https://drive.google.com/file/d/1Xy-oTzt06A_3H6D7b8D6UzuLp2FavMpB/view,,2025-04-09,0,0.0,0
,Ashtabula,Ohio,-80.7482,41.7072,97343,16,3.0,13,0.0,11.0,5.0,0.0,0.0,0.0,2.0,14.0,0.86,0.85-0.90,04/12/2025,,,https://data.ohio.gov/wps/portal/gov/data/view/summary-of-infectious-diseases-in-ohio,,2025-04-12,0,0.0,0
,Atascosa,Texas,-98.5272,28.8935,50058,1,0.0,1,,,,,,,,,,,04/25/2025,,initial case recorded on 4/25/2025. the case moved to the outbreak reporting section of texas in 5/20/2025,https://www.dshs.texas.gov/news-alerts/measles-outbreak-2025,,2025-04-25,0,0.0,0
,Bailey,Texas,-102.8299,34.0686,7044,2,0.0,2,,,,,,,,,,,04/23/2025,,Added 2 initial cases on 2025-04-23,https://www.dshs.texas.gov/news-alerts/measles-outbreak-2025,,2025-04-23,0,0.0,0
,Bear River,Utah,-112.1381,41.661,199344,4,0.0,4,0.0,4.0,0.0,0.0,0.0,3.0,0.0,1.0,,,09/25/2025,,,https://files.epi.utah.gov/Utah%20measles%20dashboard.html,,2025-09-25,0,0.0,0
,Bell,Texas,-97.4788,31.0373,379811,1,0.0,1,0.0,0.0,1.0,0.0,0.0,0.0,0.0,1.0,,,06/17/2025,,,https://www.dshs.texas.gov/news-alerts/measles-outbreak-2025,,2025-06-17,0,0.0,0
,Benton,Arkansas,-94.2561,36.3387,294541,1,0.0,1,0.0,0.0,1.0,0.0,0.0,0.0,0.0,1.0,,,06/16/2025,,,https://healthy.arkansas.gov/programs-services/diseases-conditions/communicable-diseases/measles-rubeola/arkansas-measles-exposure-locations/#SituationUpdate,,2025-06-16,0,0.0,0
,Bergen,New Jersey,-74.0742,40.9597,954717,4,1.0,3,0.0,3.0,1.0,0.0,0.0,1.0,0.0,3.0,0.92,0.90-0.95,09/03/2025,,The single confirmed case is a resident of Bergen County. ,https://www.nj.gov/health/news/2025/approved/20250903a.shtml?_gl=1*1990lzj*_ga*NjAyNjM0NTguMTc0MzM3NDQ5OQ..*_ga_5PWJJG6642*czE3NTcwMjE1NzEkbzQ5JGcwJHQxNzU3MDIxNTcxJGo2MCRsMCRoMA..,,2025-09-03,0,0.0,0
,Bexar,Texas,-98.52,29.4489,2037344,2,0.0,2,,,,,,,,,,,08/12/2025,,,https://www.dshs.texas.gov/news-alerts/measles-outbreak-2025,,2025-08-12,0,0.0,0
,Bonner,Idaho,-116.6011,48.3,49456,1,0.0,1,0.0,1.0,0.0,0.0,0.0,1.0,0.0,0.0,,,08/20/2025,,This most recent case is an unvaccinated child in Bonner County. ,https://healthandwelfare.idaho.gov/news/measles-circulating-among-idaho-communities-health-officials-urge-consultation-healthcare,,2025-08-20,0,0.0,0
,Bonneville,Idaho,-111.6148,43.3877,127056,5,2.0,3,0.0,5.0,0.0,0.0,0.0,1.0,0.0,4.0,,,09/13/2025,,,https://healthandwelfare.idaho.gov/health-wellness/diseases-conditions/measles,,2025-09-13,0,0.0,0
,Borden,Texas,-101.4317,32.7436,723,1,0.0,1,,,,,,,,,,,04/08/2025,,Initial report: 1 case(s),https://www.dshs.texas.gov/news-alerts/measles-outbreak-2025,,2025-04-08,0,0.0,0
,Boulder,Colorado,-105.3577,40.0925,328317,1,1.0,0,0.0,0.0,0.0,1.0,0.0,0.0,1.0,0.0,,,06/13/2025,,a fully vaccinated adult who recently traveled to Europe,https://drive.google.com/file/d/1GpEaBFyyXehdMEdTXbebgMC8ORAmUp-i/view,,2025-06-13,0,0.0,0
,Boundary,Idaho,-116.4629,48.7669,12695,6,0.0,6,0.0,6.0,0.0,0.0,1.0,2.0,1.0,2.0,,,11/07/2025,,,https://public.tableau.com/app/profile/idaho.division.of.public.health/viz/TrackingIdahoMeasles/StatewideSummary?publish=yes,,2025-11-07,0,0.0,0
,Brazoria,Texas,-95.4521,29.1898,381650,1,0.0,1,0.0,0.0,1.0,0.0,0.0,0.0,0.0,1.0,,,04/18/2025,,Added 1 initial cases on 2025-04-18,https://www.dshs.texas.gov/news-alerts/measles-outbreak-2025,,2025-04-18,0,0.0,0
,Brewster,Texas,-103.2517,29.8119,9464,1,0.0,1,,,,,,,,,,,05/23/2025,,Added 1 initial cases on 2025-05-23,https://www.dshs.texas.gov/news-alerts/measles-outbreak-2025,,2025-05-23,0,0.0,0
,Broward,Florida,-80.4871,26.1523,1946127,2,0.0,2,0.0,0.0,2.0,0.0,1.0,0.0,0.0,1.0,,,08/16/2025,,,https://www.flhealthcharts.gov/ChartsReports/rdPage.aspx?rdReport=FrequencyMerlin.Frequency,,2025-08-16,0,0.0,0
,Brown,Texas,-98.9998,31.7742,38294,1,0.0,1,,,,,,,,,,,04/04/2025,,Added 1 initial cases on 04/04/2025,https://www.dshs.texas.gov/news-alerts/measles-outbreak-2025,,2025-04-04,0,0.0,0
,Bucks,Pennsylvania,-75.1069,40.337,645993,1,1.0,0,0.0,1.0,0.0,0.0,0.0,0.0,1.0,0.0,,,03/27/2025,,Recent travel to Texas,https://www.buckscounty.gov/CivicAlerts.aspx?AID=1251,,2025-03-27,0,0.0,0
,Burke,North Dakota,-102.5182,48.791,2163,1,1.0,0,0.0,1.0,0.0,0.0,0.0,1.0,0.0,0.0,,,05/27/2025,,1st case reported in county related to Williams County,https://www.hhs.nd.gov/immunizations/measles,,2025-05-27,0,0.0,0
,Butte,South Dakota,-103.5079,44.9058,10538,3,3.0,0,0.0,3.0,0.0,0.0,0.0,0.0,3.0,0.0,,,12/17/2025,,,https://doh.sd.gov/diseases/measles/,,2025-12-17,2,2.0,0
,Carbon,Wyoming,-106.9306,41.6944,14549,7,1.0,6,0.0,4.0,2.0,1.0,0.0,2.0,3.0,2.0,,,08/26/2025,,,https://health.wyo.gov/publichealth/infectious-disease-epidemiology-unit/disease/measles/,,2025-08-26,0,0.0,0
,Carson,Texas,-101.3542,35.4035,5802,1,0.0,1,,,,,,,,,,,05/13/2025,,Added 1 initial cases on 2025-05-16,https://www.dshs.texas.gov/news-alerts/measles-outbreak-2025,,2025-05-13,0,0.0,0
,Cascade,Montana,-111.347,47.308,84601,1,0.0,1,0.0,0.0,0.0,1.0,0.0,0.0,1.0,0.0,,,07/16/2025,,The individual is a vaccinated adult.,https://www.cascadecountymt.gov/634/Measles,,2025-07-16,0,0.0,0
,Cass,North Dakota,-97.248,46.933,189286,7,2.0,5,0.0,7.0,0.0,0.0,2.0,4.0,1.0,0.0,,,05/17/2025,,,https://www.hhs.nd.gov/immunizations/measles,,2025-05-17,0,0.0,0
,Cedar,Missouri,-93.8566,37.7239,14440,5,0.0,5,0.0,5.0,0.0,0.0,0.0,1.0,0.0,4.0,,,07/03/2025,,"three family members of the county's first case announced on June 23, were determined to have had measles based on their symptoms and exposure timeline.",https://www.facebook.com/photo?fbid=712725961645659&set=a.136049269313334,,2025-07-03,0,0.0,0
,Central,Iowa,-93.40754375,41.84471875,1038892,2,1.0,1,0.0,2.0,0.0,0.0,0.0,2.0,0.0,0.0,,,12/16/2025,,,https://hhs.iowa.gov/center-acute-disease-epidemiology/disease-information,,2025-12-16,1,1.0,0
,Central,Utah,-111.948021,40.385835,3271616,3,0.0,3,0.0,0.0,3.0,0.0,0.0,0.0,0.0,3.0,,,12/16/2025,,,https://files.epi.utah.gov/Utah%20measles%20dashboard.html,,2025-12-16,1,0.0,1
,Chaves,New Mexico,-104.4669,33.3633,64446,1,0.0,1,,,,,,,,,,,04/08/2025,,Initial report: 1 case(s),https://www.nmhealth.org/about/erd/ideb/mog/,,2025-04-08,0,0.0,0
,Clark,Nevada,-115.0135,36.2152,2293764,1,0.0,1,0.0,1.0,0.0,0.0,1.0,0.0,0.0,0.0,,,11/07/2025,,"The case involves an infant who was not yet eligible to receive the measles, mumps and rubella (MMR) vaccine.",https://www.southernnevadahealthdistrict.org/news-release/first-measles-case-reported-in-clark-county/,,2025-11-07,0,0.0,0
,Cochran,Texas,-102.8285,33.6042,2520,14,0.0,14,,,,,,,,,0.87,0.85-0.90,04/25/2025,,Added 2 new cases on 2025-04-27,https://www.dshs.texas.gov/news-alerts/measles-outbreak-2025,,2025-04-25,0,0.0,0
,Collin,Texas,-96.5724,33.188,1116601,4,0.0,4,,,,,,,,,,,06/03/2025,,first outbreak case of the county,https://www.dshs.texas.gov/news-alerts/measles-outbreak-2025,,2025-06-03,0,0.0,0
,Cook,Illinois,-87.8168,41.8401,5185812,8,2.0,6,0.0,1.0,6.0,1.0,1.0,0.0,7.0,0.0,,,09/30/2025,, The case was identified in a suburban Cook County adult whose vaccination status is unknown.  Public health officials believe the case was acquired from exposure to the last reported measles case announced on 9/16/2025.,https://cookcountypublichealth.org/2025/09/30/cook-county-confirms-another-measles-case/,,2025-09-30,0,0.0,0
,Cumberland,Pennsylvania,-77.2655,40.1636,264422,2,0.0,2,0.0,0.0,2.0,0.0,0.0,0.0,0.0,2.0,,,12/18/2025,,Confirmation from officials on the two cases,https://www.pennlive.com/news/2025/12/pa-confirms-16-cases-of-measles-in-2025-as-officials-monitor-outbreaks-in-other-states.html,,2025-12-18,2,0.0,2
,Curry,New Mexico,-103.347,34.5742,47932,1,0.0,1,,,,,,,,,,,05/09/2025,,Added 1 initial cases on 2025-05-10,https://www.nmhealth.org/about/erd/ideb/mog/,,2025-05-09,0,0.0,0
,Cuyahoga,Ohio,-81.6586,41.4243,1249418,1,1.0,0,0.0,1.0,0.0,0.0,0.0,1.0,0.0,0.0,,,04/28/2025,,A child who was not vaccinated for measles tested positive for the virus. The pediatric measles case was initially reported to the county on May 4,https://data.ohio.gov/wps/portal/gov/data/view/summary-of-infectious-diseases-in-ohio,,2025-04-28,0,0.0,0
,Dakota,Minnesota,-93.0654,44.6719,442204,1,0.0,1,0.0,1.0,0.0,0.0,0.0,1.0,0.0,0.0,,,06/02/2025,,The second case is an unvaccinated child from Dakota County who has not traveled outside of Minnesota in the last month and had no known exposures.,https://www.health.state.mn.us/news/pressrel/2025/measles060225.html,,2025-06-02,0,0.0,0
,Dallam,Texas,-102.6022,36.2779,7180,7,,7,,,,,,,,,0.89,0.85-0.90,03/31/2025,,,https://www.dshs.texas.gov/news-alerts/measles-outbreak-2025,,2025-03-31,0,,0
,Dallas,Texas,-96.7778,32.7666,2603816,1,0.0,1,0.0,0.0,1.0,0.0,0.0,0.0,0.0,1.0,,,06/24/2025,,,https://www.dshs.texas.gov/news-alerts/measles-outbreak-2025,,2025-06-24,0,0.0,0
,Davis,Utah,-112.1115,40.99,366742,2,0.0,2,0.0,0.0,2.0,0.0,0.0,0.0,0.0,2.0,,,12/09/2025,,,https://files.epi.utah.gov/Utah%20measles%20dashboard.html,,2025-12-09,0,0.0,0
,Dawson,Texas,-101.9476,32.7426,12311,26,0.0,26,,,,,,,,,0.88,0.85-0.90,05/02/2025,,Added 1 new cases on 2025-05-05,https://www.dshs.texas.gov/news-alerts/measles-outbreak-2025,,2025-05-02,0,0.0,0
,Defiance,Ohio,-84.4905,41.3239,38258,1,1.0,0,0.0,0.0,1.0,0.0,0.0,0.0,1.0,0.0,,,04/13/2025,,an isolated case of an adult with an unknown vaccination status with minimal exposure to others.,https://defiancecohealth.org/defiance-county-confirmed-case-of-measles/?utm_source=rss&utm_medium=rss&utm_campaign=defiance-county-confirmed-case-of-measles,,2025-04-13,0,0.0,0
,Denton,Texas,-97.1168,33.2055,945644,2,0.0,2,0.0,0.0,2.0,0.0,0.0,0.0,0.0,2.0,,,05/23/2025,,Added 1 new cases on 2025-05-23,https://www.dshs.texas.gov/news-alerts/measles-outbreak-2025,,2025-05-23,0,0.0,0
,Denver,Colorado,-104.8758,39.762,713734,4,3.0,1,0.0,1.0,1.0,2.0,1.0,0.0,3.0,0.0,,,06/04/2025,,"a Denver County
resident has tested positive for measles. The vaccinated adult was a passenger
on Turkish Airlines flight 201 (TK201), which arrived at Denver International
Airport (DEN) on Tuesday, May 13.",https://drive.google.com/file/d/1cSKfqr4J0q2Oqw7KQ4080QplECSWXQFO/view,,2025-06-04,0,0.0,0
,Dona Ana,New Mexico,-106.8328,32.3526,221665,2,0.0,2,,,,,,,,,,,05/02/2025,,Added 1 new cases on 2025-05-05,https://www.nmhealth.org/about/erd/ideb/mog/,,2025-05-02,0,0.0,0
,Duval,Florida,-81.6715,30.3313,1007189,1,0.0,1,0.0,0.0,1.0,0.0,0.0,0.0,0.0,1.0,,,08/16/2025,,,https://www.flhealthcharts.gov/ChartsReports/rdPage.aspx?rdReport=FrequencyMerlin.Frequency,,2025-08-16,0,0.0,0
,Eastern,Iowa,-91.64545556,41.92909259,1249126,6,1.0,5,0.0,4.0,0.0,2.0,0.0,3.0,3.0,0.0,,,07/14/2025,, in an adult resident of Eastern Iowa and is notifying the public of potential exposure locations.  The individual is fully vaccinated and has no known link to the previous measles cases in Iowa,https://hhs.iowa.gov/news-release/2025-07-14/iowa-health-officials-confirm-measles-case-release-locations-potential-exposures,,2025-07-14,0,0.0,0
,Eastern Region,Virginia,-76.44495462,36.95649803,1939775,1,0.0,1,0.0,0.0,1.0,0.0,0.0,1.0,0.0,0.0,,,09/03/2025,,The patient is a school age child (5-12 years) in the Eastern Region who recently traveled internationally. ,https://www.vdh.virginia.gov/news/2025-news-releases/virginia-health-officials-confirm-measles-case-in-eastern-region/?utm_campaign=20250903_&utm_content=&utm_medium=email&utm_source=govdelivery,,2025-09-03,0,0.0,0
,Eastland,Texas,-98.8323,32.3271,17846,2,,2,,,,,,,,,,,05/02/2025,,,https://www.dshs.texas.gov/news-alerts/measles-outbreak-2025,,2025-05-02,0,0.0,0
,Ector,Texas,-102.5429,31.8692,163206,12,0.0,12,,,,,,,,,0.92,0.90-0.95,05/30/2025,,Added 1 new cases on 2025-05-05,https://www.dshs.texas.gov/news-alerts/measles-outbreak-2025,,2025-05-30,0,0.0,0
,Eddy,New Mexico,-104.3044,32.4714,61114,3,0.0,3,,,,,,,,,0.91,0.90-0.95,04/25/2025,,1 new case(s) added,https://www.nmhealth.org/news/vaccine/2025/4/?view=2198,,2025-04-25,0,0.0,0
,El Paso,Colorado,-104.5254,38.8321,736008,4,4.0,0,0.0,2.0,1.0,1.0,0.0,1.0,3.0,0.0,,,06/09/2025,,"The first case involves a child under 5 from El Paso County who recently traveled with family to Ontario, Canada, where a measles outbreak is ongoing. The child was vaccinated with one dose of the measles, mumps, and rubella (MMR) vaccine.",https://cdphe.colorado.gov/press-release/colorado-public-health-officials-confirm-two-measles-cases-release-locations-for,,2025-06-09,0,0.0,0
,El Paso,Texas,-106.2348,31.7686,866275,61,0.0,61,,,,,,,,,,,07/01/2025,,,https://www.dshs.texas.gov/news-alerts/measles-outbreak-2025,,2025-07-01,0,0.0,0
,Erath,Texas,-98.2179,32.2363,43244,1,,1,,,,,,,,,,,03/20/2025,,,https://www.dshs.texas.gov/news-alerts/measles-outbreak-2025,,2025-03-20,0,0.0,0
,Erie,Pennsylvania,-80.0327,41.9925,269544,8,2.0,6,0.0,0.0,8.0,0.0,0.0,1.0,0.0,7.0,,,05/09/2025,Yes,,https://eriecountypa.gov/departments/health/health-now/measles/,,2025-05-09,0,0.0,0
,Fannin,Texas,-96.1069,33.5938,36525,4,0.0,4,,,,,,,,,,,07/15/2025,,,https://www.dshs.texas.gov/news-alerts/measles-outbreak-2025,,2025-07-15,0,0.0,0
,Faulkner,Arkansas,-92.332,35.147,126001,6,1.0,5,0.0,2.0,2.0,2.0,0.0,5.0,1.0,0.0,,,05/27/2025,,,https://healthy.arkansas.gov/programs-services/diseases-conditions/communicable-diseases/measles-rubeola/arkansas-measles-exposure-locations/,,2025-05-27,0,0.0,0
,Fayette,Kentucky,-84.4587,38.0423,321122,6,0.0,6,,,,,,,,,,,07/10/2025,,,https://www.chfs.ky.gov/agencies/dph/dehp/idb/Pages/measles.aspx,,2025-07-10,0,0.0,0
,Flathead,Montana,-114.0497,48.2951,108445,2,2.0,0,0.0,0.0,2.0,0.0,0.0,0.0,2.0,0.0,,,05/29/2025,,"a Flathead County resident who has reported recent travel outside of Montana. There is no
clear indication of the exact point of exposure and there is no connection with the previous
case reported in Flathead County. This individual is an adult and is currently isolating at home
following recent hospitalization for the illness. The vaccination status of the individual is
unknown at this time.",https://flatheadcounty.gov/application/files/4417/4855/4730/Flathead_County_Measles_Press_Release_5.29.2025_002.pdf,,2025-05-29,0,0.0,0
,Fort Bend,Texas,-95.7709,29.5275,859721,1,0.0,1,0.0,0.0,1.0,0.0,0.0,0.0,0.0,1.0,,,04/02/2025,,Added 1 initial cases on 04/02/2025,https://www.dshs.texas.gov/news-alerts/measles-outbreak-2025,,2025-04-02,0,0.0,0
,Franklin,Kentucky,-84.877,38.2392,51563,1,1.0,0,,,,,,,,,0.89,0.85-0.90,02/26/2025,,an adult Kentucky resident,https://www.lfchd.org/21625-ngmiaa/,,2025-02-26,0,0.0,0
,Franklin,Ohio,-83.0093,39.9695,1321635,7,0.0,7,0.0,0.0,7.0,0.0,0.0,7.0,0.0,0.0,,,10/22/2025,,,,,2025-10-22,0,0.0,0
,Fremont,Wyoming,-108.6304,43.0405,39472,5,0.0,5,0.0,0.0,5.0,0.0,0.0,0.0,0.0,5.0,,,12/18/2025,,,https://health.wyo.gov/publichealth/infectious-disease-epidemiology-unit/disease/measles/,,2025-12-18,5,0.0,5
,Fresno,California,-119.6493,36.7582,1012152,2,1.0,1,0.0,2.0,0.0,0.0,0.0,0.0,1.0,1.0,0.86,0.85-0.90,03/19/2025,,"Second case,linked to first, unvaccinated, adult",https://www.cdph.ca.gov/Programs/CID/DCDC/Pages/Immunization/measles.aspx,,2025-03-19,0,0.0,0
,Fulton,Georgia,-84.467,33.7902,1068507,10,2.0,8,0.0,9.0,1.0,0.0,0.0,0.0,0.0,10.0,0.91,0.90-0.95,09/23/2025,,"The individuals are close contacts of the measles case that was confirmed on Sept. 11, 2025. Two of the individuals are unvaccinated, and the third has an unknown vaccination status. They are isolating at home.",https://dph.georgia.gov/press-releases/2025-09-12/dph-confirms-measles-case-fulton-county-resident,,2025-09-23,0,0.0,0
,Gaines,Texas,-102.6352,32.7408,21904,414,0.0,414,,,,,,,,,0.93,0.90-0.95,07/01/2025,,,https://www.dshs.texas.gov/news-alerts/measles-outbreak-2025,,2025-07-01,0,0.0,0
,Gallatin,Montana,-111.1704,45.5404,122194,23,5.0,18,10.0,0.0,13.0,0.0,1.0,5.0,4.0,13.0,,,12/07/2025,,,https://www.healthygallatin.org/community-health/communicable-diseases/measles/,,2025-12-07,0,0.0,0
,Garza,Texas,-101.2984,33.1799,5435,2,0.0,2,,,,,,,,,0.92,0.90-0.95,04/02/2025,,Added 1 new cases on 04/02/2025,https://www.dshs.texas.gov/news-alerts/measles-outbreak-2025,,2025-04-02,0,0.0,0
,Grand Forks,North Dakota,-97.4569,47.9219,72764,10,2.0,8,0.0,10.0,0.0,0.0,1.0,9.0,0.0,0.0,,,05/30/2025,,,https://www.hhs.nd.gov/immunizations/measles,,2025-05-30,0,0.0,0
,Grand Traverse,Michigan,-85.5605,44.6687,95757,4,0.0,4,0.0,0.0,4.0,0.0,0.0,0.0,0.0,4.0,,,07/02/2025,,Outbreak confirmed,https://www.gtcountymi.gov/DocumentCenter/View/23934/Confirmed-Measles-Outbreak-Identified-in-GTC-062325-?bidId=,,2025-07-02,0,0.0,0
,Gray,Kansas,-100.4379,37.7382,5696,29,0.0,29,,,,,,,,,,,07/14/2025,,,https://www.kdhe.ks.gov/2314/Measles-Data,,2025-07-14,0,0.0,0
,Guilford,North Carolina,-79.7889,36.0795,542987,1,1.0,0,0.0,0.0,1.0,0.0,0.0,1.0,0.0,0.0,,,06/24/2025,,The child became ill while traveling to NC from another country where measles outbreaks have recently been reported.,https://www.guilfordcountync.gov/news/press-releases/2025/06/24/first-case-measles-identified-north-carolina,,2025-06-24,0,0.0,0
,Hale,Texas,-101.8269,34.0705,32247,5,0.0,5,,,,,,,,,0.91,0.90-0.95,04/08/2025,,2 new case(s) added,https://www.dshs.texas.gov/news-alerts/measles-outbreak-2025,,2025-04-08,0,0.0,0
,Hardeman,Texas,-99.7457,34.2902,3529,1,0.0,1,,,,,,,,,,,05/02/2025,,Added 1 initial cases on 2025-05-05,https://www.dshs.texas.gov/news-alerts/measles-outbreak-2025,,2025-05-02,0,0.0,0
,Harris,Texas,-95.3938,29.8578,4758579,5,,5,0.0,0.0,5.0,0.0,0.0,0.0,0.0,5.0,0.84,<0.85,08/07/2025,,,https://www.dshs.texas.gov/news-alerts/measles-outbreak-2025,,2025-08-07,0,,0
,Harrison,Texas,-94.3715,32.5481,69584,1,0.0,1,0.0,0.0,1.0,0.0,0.0,0.0,0.0,1.0,,,05/20/2025,,Added 1 initial cases on 2025-05-20,https://www.dshs.texas.gov/news-alerts/measles-outbreak-2025,,2025-05-20,0,0.0,0
,Haskell,Kansas,-100.8712,37.5622,3695,19,0.0,19,,,,,,,,,,,07/07/2025,,,https://www.kdhe.ks.gov/2314/Measles-Data,,2025-07-07,0,0.0,0
,Hays,Texas,-98.0312,30.0579,256429,1,0.0,1,0.0,0.0,1.0,0.0,0.0,0.0,0.0,1.0,,,05/23/2025,,Added 1 initial cases on 2025-05-23,https://www.dshs.texas.gov/news-alerts/measles-outbreak-2025,,2025-05-23,0,0.0,0
,Hennepin,Minnesota,-93.477,45.0046,1268903,2,2.0,0,0.0,1.0,1.0,0.0,1.0,0.0,1.0,0.0,,,04/23/2025,,new case involves an infant who was diagnosed while in another country. Health officials said the child is too young to receive the MMR vaccine.,https://www.health.state.mn.us/news/pressrel/2025/measles060225.html,,2025-04-23,0,0.0,0
,Hill,Montana,-110.1112,48.6282,16260,4,0.0,4,0.0,4.0,0.0,0.0,0.0,4.0,0.0,0.0,,,06/06/2025,,"Unvaccinated, child and a contact to a previously reported case",https://hillcountyhealth.com/wp-content/uploads/2025/06/6-6-2025-New-Additional-Positive-Cases-Press-Release.pdf,,2025-06-06,0,0.0,0
,Hockley,Texas,-102.3432,33.6076,21455,7,0.0,7,,,,,,,,,0.87,0.85-0.90,08/07/2025,,Added 1 new cases on 2025-05-05,https://www.dshs.texas.gov/news-alerts/measles-outbreak-2025,,2025-08-07,0,0.0,0
,Holmes,Ohio,-81.9293,40.5612,44312,1,0.0,1,0.0,0.0,1.0,0.0,0.0,0.0,1.0,0.0,,,04/02/2025,,an adult resident.,https://www.holmeshealth.org/the-holmes-county-general-health-district-receives-confirmed-measles-case-in-the-county/,,2025-04-02,0,0.0,0
,Honolulu,Hawaii,-158.0739,21.4899,1003666,2,2.0,0,0.0,1.0,1.0,0.0,1.0,0.0,1.0,0.0,,,04/17/2025,,in the household of a child previously confirmed on April 7. The adult member of the family,https://health.hawaii.gov/news/newsroom/doh-confirms-second-case-of-measles-in-hawai_i/,,2025-04-17,0,0.0,0
,Howard,Maryland,-76.9312,39.2507,333916,1,1.0,0,0.0,0.0,1.0,0.0,0.0,0.0,0.0,1.0,0.86,0.85-0.90,03/09/2025,,,https://health.maryland.gov/newsroom/Pages/One-Case-of-Measles-Confirmed-in-Maryland.aspx,,2025-03-09,0,0.0,0
,Hudson,New Jersey,-74.0751,40.7408,710478,2,0.0,2,0.0,0.0,2.0,0.0,0.0,0.0,0.0,2.0,,,08/22/2025,,The single confirmed case is a resident of Hudson County who presented with measles following close contact with a confirmed case of measles in a non-NJ resident. ,https://www.nj.gov/health/news/2025/approved/20250822a.shtml?_gl=1*12gfhve*_ga*NjAyNjM0NTguMTc0MzM3NDQ5OQ..*_ga_5PWJJG6642*czE3NTYxNzMwNzkkbzQzJGcxJHQxNzU2MTczMTA2JGozMyRsMCRoMA..,,2025-08-22,0,0.0,0
,Ingham,Michigan,-84.3735,42.5971,282015,1,1.0,0,0.0,0.0,0.0,1.0,1.0,0.0,0.0,0.0,,,04/15/2025,,Added 1 initial cases on 2025-04-15,https://www.facebook.com/InghamHealth,,2025-04-15,0,0.0,0
,Jefferson,Kentucky,-85.6591,38.1872,777392,2,1.0,1,,,,,,,,,,,07/28/2025,,,https://www.chfs.ky.gov/agencies/dph/dehp/idb/Pages/measles.aspx,,2025-07-28,0,0.0,0
,Kenai Peninsula,Alaska,-151.5651,60.2654,59843,1,1.0,0,0.0,1.0,0.0,0.0,0.0,0.0,1.0,0.0,0.87,0.85-0.90,01/21/2025,,"Initial case: The unvaccinated adult, flight from Seattle",https://drive.google.com/file/d/13bCFrXt4olDFd-nMgk8miC2J8Gko3PBi/view,,2025-01-21,0,0.0,0
,Kent,Michigan,-85.5493,43.0322,658844,4,2.0,2,0.0,0.0,4.0,0.0,0.0,1.0,1.0,2.0,,,07/24/2025,,,https://content.govdelivery.com/accounts/KENTCOMI/bulletins/3d93e1e,,2025-07-24,0,0.0,0
,King,Washington,-121.8052,47.4902,2262713,7,6.0,1,0.0,1.0,4.0,2.0,2.0,1.0,4.0,0.0,0.9,0.90-0.95,10/28/2025,,a confirmed measles case in a King County adult. This individual was vaccinated against measles. ,https://publichealthinsider.com/2025/10/28/new-measles-case-in-king-county-resident-with-link-to-previous-case/,,2025-10-28,0,0.0,0
,Kiowa,Kansas,-99.2861,37.5582,2422,6,,6,,,,,,,,,,,03/31/2025,,County Level vaccination data not available,https://www.kdhe.ks.gov/2314/Measles-Data,,2025-03-31,0,0.0,0
,Knox,Ohio,-82.4215,40.3988,62888,14,0.0,14,0.0,0.0,14.0,0.0,0.0,0.0,0.0,14.0,,,04/09/2025,,11 new cases linked to the first case,https://www.knoxhealth.com/index.php/public-health-news-articles/509-measles-outbreak-in-knox-county-20-total-confirmed-cases-2,,2025-04-09,0,0.0,0
,Kootenai,Idaho,-116.7018,47.6744,177736,1,0.0,1,0.0,1.0,0.0,0.0,0.0,1.0,0.0,0.0,,,08/12/2025,, the case was an unvaccinated child in Kootenai County,https://healthandwelfare.idaho.gov/news/measles-circulating-among-idaho-communities-health-officials-urge-consultation-healthcare,,2025-08-12,0,0.0,0
,Lake,Indiana,-87.3821,41.4167,498990,2,0.0,2,0.0,1.0,1.0,0.0,0.0,1.0,0.0,1.0,,,10/31/2025,,,https://www.in.gov/health/idepd/diseases-and-conditions-resource-page/measles/,,2025-10-31,0,0.0,0
,Lamar,Texas,-95.5712,33.6673,50421,28,0.0,28,,,,,,,,,0.95,,07/08/2025,,,https://www.dshs.texas.gov/news-alerts/measles-outbreak-2025,,2025-07-08,0,0.0,0
,Lamb,Texas,-102.3517,34.0686,12919,1,,1,,,,,,,,,,,03/20/2025,,,https://www.dshs.texas.gov/news-alerts/measles-outbreak-2025,,2025-03-20,0,0.0,0
,Lamoille,Vermont,-72.6419,44.607,26036,1,1.0,0,0.0,0.0,1.0,0.0,0.0,1.0,0.0,0.0,0.92,0.90-0.95,03/11/2025,,"first case in the state, a school-aged child in Lamoille County",https://www.healthvermont.gov/media/current-news-releases/vermont-department-health-confirms-case-measles,,2025-03-11,0,0.0,0
,Lancaster,Pennsylvania,-76.2477,40.0424,555151,1,0.0,1,0.0,1.0,0.0,0.0,0.0,0.0,0.0,1.0,,,04/13/2025,,"an unvaccinated resident of another state visiting in Lancaster County, ",https://www.pa.gov/agencies/health/newsroom/doh-alerts-pennsylvanians-of-confirmed-measles-case-in-in-lancas.html,,2025-04-13,0,0.0,0
,Lea,New Mexico,-103.4125,32.7921,73154,67,0.0,67,,,,,,,,,0.86,0.85-0.90,06/03/2025,Yes,,https://www.nmhealth.org/news/vaccine/2025/4/?view=2198,,2025-06-03,0,0.0,0
,Leon,Florida,-84.2779,30.458,295335,2,1.0,1,0.0,0.0,2.0,0.0,0.0,0.0,1.0,1.0,,,06/28/2025,,Leon second case,https://www.flhealthcharts.gov/ChartsReports/rdPage.aspx?rdReport=FrequencyMerlin.Frequency&FirstTime=True,,2025-06-28,0,0.0,0
,Lewis and Clark,Montana,-112.3904,47.1224,72580,2,0.0,2,0.0,0.0,2.0,0.0,0.0,1.0,0.0,1.0,,,08/24/2025,,"The individual is a minor who had previously received one dose of the MMR (measles,
mumps, rubella) vaccine. (At this time, vaccine status is reported by parents but not
confirmed by records.) The individualâ€™s last infectious day was Tuesday, August 12th.",https://www.lccountymt.gov/files/assets/county/v/1/health/documents/communicable-disease/measles-response/single-measles-case-confirmed-in-lewis-and-clark-county.pdf,,2025-08-24,0,0.0,0
,Lincoln,South Dakota,-96.7218,43.2789,68286,8,7.0,1,0.0,8.0,0.0,0.0,0.0,7.0,1.0,0.0,,,06/28/2025,,,https://doh.sd.gov/diseases/measles/,,2025-06-28,0,0.0,0
,Los Angeles,California,-118.2247,34.3219,9848406,5,5.0,0,0.0,0.0,5.0,0.0,0.0,0.0,0.0,5.0,0.95,,06/12/2025,,a Long Beach pediatric resident who recently returned from international travel. ,https://longbeach.gov/press-releases/long-beach-health-department-confirms-measles-case-linked-to-international-travel/,,2025-06-12,0,0.0,0
,Lubbock,Texas,-101.8205,33.6102,314633,52,0.0,52,,,,,,,,,0.85,0.85-0.90,05/13/2025,,Added 1 new cases on 2025-05-13,https://www.dshs.texas.gov/news-alerts/measles-outbreak-2025,,2025-05-13,0,0.0,0
,Luna,New Mexico,-107.7499,32.1823,25420,14,0.0,14,,,,,,,,,,,07/03/2025,,,https://www.nmhealth.org/about/erd/ideb/mog/,,2025-07-03,0,0.0,0
,Lynn,Texas,-101.8161,33.1768,5667,2,0.0,2,,,,,,,,,0.87,0.85-0.90,02/28/2025,,Added 1 new cases on 04/04/2025,https://www.dshs.texas.gov/news-alerts/measles-outbreak-2025,,2025-02-28,0,0.0,0
,Macomb,Michigan,-82.9323,42.6957,877624,2,1.0,1,0.0,0.0,2.0,0.0,0.0,0.0,1.0,1.0,,,06/11/2025,,New case reported on state map,https://www.macombgov.org/departments/health-department/news/macomb-county-health-department-reports-local-measles-case,,2025-06-11,0,0.0,0
,Marquette,Michigan,-87.6416,46.4313,66430,2,0.0,2,0.0,0.0,2.0,0.0,0.0,0.0,0.0,2.0,,,06/02/2025,,,https://www.michigan.gov/mdhhs/adult-child-serv/childrenfamilies/immunizations/measlesupdates,,2025-06-02,0,0.0,0
,Martin,Texas,-101.9513,32.306,5230,3,,3,,,,,,,,,0.9,0.90-0.95,02/25/2025,,,https://www.dshs.texas.gov/news-alerts/measles-outbreak-2025,,2025-02-25,0,0.0,0
,McLennan,Texas,-97.2018,31.5524,263608,9,0.0,9,,,,,,,,,,,06/17/2025,,Added 7 new cases on 2025-05-30,https://www.dshs.texas.gov/news-alerts/measles-outbreak-2025,,2025-06-17,0,0.0,0
,Meade,South Dakota,-102.7169,44.5668,30297,2,1.0,1,0.0,2.0,0.0,0.0,0.0,0.0,2.0,0.0,,,06/14/2025,,,https://doh.sd.gov/diseases/measles/,,2025-06-14,0,0.0,0
,Mesa,Colorado,-108.4664,39.0183,157316,11,0.0,11,0.0,1.0,10.0,0.0,0.0,0.0,11.0,0.0,,,10/15/2025,,,https://cdphe.colorado.gov/dcphr/measles-information,,2025-10-15,0,0.0,0
,Miami-Dade,Florida,-80.5624,25.615,2685296,1,,1,0.0,0.0,1.0,0.0,0.0,1.0,0.0,0.0,0.94,0.90-0.95,03/06/2025,,measles case reported at Miami Palmetto Senior High School in Miami-Dade,https://www.flhealthcharts.gov/ChartsReports/rdPage.aspx?rdReport=FrequencyMerlin.Frequency&FirstTime=True,,2025-03-06,0,0.0,0
,Mid-Cumberland Region,Tennessee,-87.0033,36.2448,2122162,3,0.0,3,0.0,2.0,1.0,0.0,0.0,2.0,1.0,0.0,,,09/08/2025,,,https://www.tn.gov/health/cedep/reportable-diseases/measles-rubeola.html,,2025-09-08,0,0.0,0
,Midland,Texas,-102.0316,31.8691,171496,7,0.0,7,,,,,,,,,0.95,0.90-0.95,08/07/2025,,,https://www.dshs.texas.gov/news-alerts/measles-outbreak-2025,,2025-08-07,0,0.0,0
,Mohave,Arizona,-113.7579,35.7041,217420,186,0.0,186,0.0,186.0,0.0,0.0,0.0,0.0,120.0,66.0,,,12/16/2025,,,https://www.azdhs.gov/preparedness/epidemiology-disease-control/index.php?utm_medium=email&utm_source=govdelivery#data-stats,,2025-12-16,14,0.0,14
,Montcalm,Michigan,-85.1525,43.311,67174,4,1.0,3,0.0,0.0,4.0,0.0,0.0,0.0,0.0,4.0,,,04/23/2025,Yes,Added 1 new cases on 2025-04-23,https://www.michigan.gov/mdhhs/adult-child-serv/childrenfamilies/immunizations/measlesupdates,,2025-04-23,0,0.0,0
,Montezuma,Colorado,-108.5966,37.3386,26204,4,0.0,4,0.0,0.0,4.0,0.0,0.0,0.0,0.0,4.0,,,12/15/2025,,,https://cdphe.colorado.gov/diseases-a-to-z/measles/2025-case-information,,2025-12-15,2,0.0,2
,Montgomery,Pennsylvania,-75.3673,40.2108,861225,1,1.0,0,0.0,1.0,0.0,0.0,0.0,1.0,0.0,0.0,0.86,0.85-0.90,03/02/2025,,an unvaccinated Montgomery County child.,https://www.montgomerycountypa.gov/civicalerts.aspx?AID=4649,,2025-03-02,0,0.0,0
,Multnomah,Oregon,-122.4149,45.5468,803863,1,1.0,0,0.0,1.0,0.0,0.0,0.0,0.0,1.0,0.0,,,06/24/2025,,"a case of measles in an individual who recently returned to the state following international travel. The individual is not vaccinated against measles.

A commercial laboratory confirmed the measles case June 23. The affected individual is an adult who developed measles symptomsâ€”sore throat, weakness, fatigue, headache and feverâ€”on June 16.
a case of measles in an individual who recently returned to the state following international travel. The individual is not vaccinated against measles.

A commercial laboratory confirmed the measles case June 23. The affected individual is an adult who developed measles symptomsâ€”sore throat, weakness, fatigue, headache and feverâ€”on June 16.
a case of measles in an individual who recently returned to the state following international travel. The individual is not vaccinated against measles.

A commercial laboratory confirmed the measles case June 23. The affected individual is an adult who developed measles symptomsâ€”sore throat, weakness, fatigue, headache and feverâ€”on June 16.
a case of measles in an individual who recently returned to the state following international travel. The individual is not vaccinated against measles.",https://www.oregon.gov/oha/ERD/Pages/Oregons-first-measles-case-of-2025-confirmed-in-Multnomah-County.aspx,,2025-06-24,0,0.0,0
,Muskegon,Michigan,-86.152,43.2912,175378,3,0.0,3,1.0,0.0,2.0,0.0,0.0,0.0,1.0,2.0,,,10/23/2025,,,https://www.michigan.gov/mdhhs/adult-child-serv/childrenfamilies/immunizations/measlesupdates,,2025-10-23,0,0.0,0
,Muskingum,Ohio,-81.9444,39.9654,86382,3,0.0,3,0.0,3.0,0.0,0.0,0.0,3.0,0.0,0.0,,,08/29/2025,,"three laboratory confirmed cases of measles were identified in three children in Muskingum County, all unvaccinated. All three children are from the same family, and they are all currently home and improving. ",https://www.facebook.com/100063545919967/posts/1340928461368672/?mibextid=WC7FNe&rdid=bawZFk2NN4joCrFP,,2025-08-29,0,0.0,0
,Nashville-Davidson County Region,Tennessee,-86.7816,36.1627,709846,1,0.0,1,0.0,1.0,0.0,0.0,0.0,0.0,1.0,0.0,,,11/02/2025,,,https://www.tn.gov/health/cedep/reportable-diseases/measles-rubeola.html,,2025-11-02,0,0.0,0
,Natrona,Wyoming,-106.7986,42.9622,79735,1,0.0,1,0.0,1.0,0.0,0.0,0.0,1.0,0.0,0.0,,,07/01/2025,,an unvaccinated child from Natrona County,https://health.wyo.gov/measles-case-confirmed-in-natrona-county/,,2025-07-01,0,0.0,0
,Navajo,Arizona,-110.3214,35.3996,107744,4,4.0,0,0.0,4.0,0.0,0.0,0.0,0.0,0.0,4.0,,,06/09/2025,,The individuals were not immunized and have a recent history of international travel. ,https://www.navajocountyaz.gov/CivicAlerts.aspx?AID=82,,2025-06-09,0,0.0,0
,New Madrid,Missouri,-89.6517,36.5946,16041,1,0.0,1,1.0,0.0,0.0,0.0,0.0,0.0,1.0,0.0,,,05/06/2025,,an adult resident of New Madrid County.,https://content.govdelivery.com/accounts/MODHSS/bulletins/3df3486,,2025-05-06,0,0.0,0
,New York City,New York,-73.9668,40.7792,1627788,20,,20,3.0,2.0,15.0,0.0,0.0,0.0,0.0,20.0,0.93,0.90-0.95,12/05/2025,,,https://www.nyc.gov/site/doh/health/health-topics/measles.page,,2025-12-05,0,,0
,Niobrara,Wyoming,-104.4754,43.0564,2415,1,0.0,1,0.0,1.0,0.0,0.0,0.0,1.0,0.0,0.0,,,07/11/2025,,The Wyoming Department of Health (WDH) has confirmed a second case of measles in an unvaccinated child from Niobrara County. The source of the childâ€™s exposure is not known at this time. ,https://health.wyo.gov/second-measles-case-confirmed-in-niobrara-county/,,2025-07-11,0,0.0,0
,North,Alabama,-86.8529,34.4535,123742,1,1.0,0,1.0,0.0,0.0,0.0,1.0,0.0,0.0,0.0,,,08/25/2025,,a child under 5 years of age living in North Alabama has been confirmed to have measles. The unvaccinated child contracted measles while traveling out of the United States. ,https://www.alabamapublichealth.gov/blog/2025/08/nr-25.html,,2025-08-25,0,0.0,0
,Northwest Region,Virginia,-78.1659225,38.47988218,1128995,3,2.0,1,0.0,0.0,3.0,0.0,2.0,0.0,1.0,0.0,,,06/05/2025,,The patient is a child (0-4 years) in the Northwest Region who developed symptoms after exposure to another Virginia measles case.,https://www.vdh.virginia.gov/news/2025-news-releases/virginia-health-officials-confirm-third-2025-measles-case-in-the-state/,,2025-06-05,0,0.0,0
,Oakland,Michigan,-83.3858,42.6604,1272294,2,1.0,1,0.0,0.0,2.0,0.0,0.0,0.0,1.0,1.0,0.85,0.85-0.90,12/16/2025,,,https://www.michigan.gov/mdhhs/adult-child-serv/childrenfamilies/immunizations/measlesupdates,,2025-12-16,1,0.0,1
,Ocean,New Jersey,-74.2814,39.8856,646434,1,0.0,1,0.0,0.0,1.0,0.0,0.0,0.0,0.0,1.0,,,07/10/2025,,The single confirmed case is a resident of Ocean County; limited information is available at this time.,https://www.nj.gov/health/news/2025/approved/20250710a.shtml,,2025-07-10,0,0.0,0
,Oconto,Wisconsin,-88.2697,45.0264,39329,36,9.0,27,0.0,36.0,0.0,0.0,4.0,18.0,14.0,0.0,,,09/07/2025,,,https://www.dhs.wisconsin.gov/immunization/measles.htm,,2025-09-07,0,0.0,0
,Okaloosa,Florida,-86.5917,30.6913,214281,1,1.0,0,0.0,0.0,1.0,0.0,0.0,0.0,1.0,0.0,,,11/11/2025,,,https://www.flhealthcharts.gov/ChartsReports/rdPage.aspx?rdReport=FrequencyMerlin.Frequency&FirstTime=True,,2025-11-11,0,0.0,0
,Olmsted,Minnesota,-92.4018,44.0038,163425,1,1.0,0,0.0,1.0,0.0,0.0,1.0,0.0,0.0,0.0,,,10/17/2025,,"a case of measles in an unvaccinated child residing in Olmsted County. The individual is under the age of five, exhibiting symptoms, and has a recent history of international travel.  ",https://www.olmstedcounty.gov/government/county-news-events/county-news/Measles-case-confirmed-in-Olmsted-County,,2025-10-17,0,0.0,0
,Ontario,New York,-77.2998,42.8528,112405,1,0.0,1,0.0,0.0,1.0,0.0,1.0,0.0,0.0,0.0,,,05/27/2025,,All cases in New York State outside of NYC were individuals under the age of five.,https://www.health.ny.gov/diseases/communicable/measles/,,2025-05-27,0,0.0,0
,Orange,California,-117.7609,33.7031,3164063,2,2.0,0,0.0,0.0,2.0,0.0,2.0,0.0,0.0,0.0,0.91,0.90-0.95,09/29/2025,,The OC Health Care Agency (HCA) has confirmed a case of measles in a toddler who recently travelled domestically.,https://www.ochealthinfo.com/press/measles-case-orange-county-1,,2025-09-29,0,0.0,0
,Orange,New York,-74.3056,41.4022,403840,4,3.0,1,0.0,3.0,1.0,0.0,4.0,0.0,0.0,0.0,,,05/27/2025,,All cases in New York State outside of NYC were individuals under the age of five.,https://www.health.ny.gov/diseases/communicable/measles/,,2025-05-27,0,0.0,0
,Osceola,Michigan,-85.3252,43.9898,23122,7,0.0,7,0.0,0.0,7.0,0.0,0.0,0.0,0.0,7.0,,,07/31/2025,,,https://www.michigan.gov/mdhhs/adult-child-serv/childrenfamilies/immunizations/measlesupdates,,2025-07-31,0,0.0,0
,Park,Wyoming,-109.5879,44.5205,30109,1,1.0,0,0.0,0.0,0.0,1.0,0.0,0.0,1.0,0.0,,,12/19/2025,,The adult is fully vaccinated but had extensive exposure to measles while abroad and developed a mild illness.Â ,https://health.wyo.gov/measles-case-confirmed-in-park-county/,,2025-12-19,1,1.0,0
,Parmer,Texas,-102.7845,34.5301,9752,5,0.0,5,,,,,,,,,,,05/06/2025,,Added 1 new cases on 2025-05-06,https://www.dshs.texas.gov/news-alerts/measles-outbreak-2025,,2025-05-06,0,0.0,0
,Passaic,New Jersey,-74.3009,41.0344,518289,1,1.0,0,0.0,0.0,1.0,0.0,0.0,0.0,0.0,1.0,,,08/02/2025,,The single confirmed case is a resident of Passaic County who presented with measles following recent international travel. ,https://www.nj.gov/health/news/2025/approved/20250802a.shtml,,2025-08-02,0,0.0,0
,Pawnee,Kansas,-99.2367,38.1813,6220,7,0.0,7,,,,,,,,,,,06/02/2025,,,https://www.kdhe.ks.gov/2314/Measles-Data,,2025-06-02,0,0.0,0
,Pennington,South Dakota,-102.8238,44.0037,112081,2,1.0,1,0.0,0.0,2.0,0.0,0.0,0.0,2.0,0.0,,,06/07/2025,,,https://doh.sd.gov/news/public-health-notice-measles-exposure-possible-at-rapid-city-locations/,,2025-06-07,0,0.0,0
,Philadelphia,Pennsylvania,-75.1339,40.0077,1582432,2,2.0,0,0.0,0.0,2.0,0.0,1.0,0.0,0.0,1.0,0.94,0.90-0.95,04/11/2025,,Added 1 new cases on 2025-04-11,https://www.phila.gov/2025-04-11-health-department-issues-notification-about-potential-measles-exposure-4/,,2025-04-11,0,0.0,0
,Placer,California,-120.7177,39.0634,412435,1,1.0,0,0.0,0.0,1.0,0.0,0.0,0.0,0.0,1.0,,,03/31/2025,,"No online link detected so far, the exact date of this case is unknown",https://www.cdph.ca.gov/Programs/CID/DCDC/Pages/Immunization/measles.aspx,,2025-03-31,0,0.0,0
,Potter,Texas,-101.8939,35.4013,116634,1,0.0,1,,,,,,,,,,,04/18/2025,,Added 1 initial cases on 2025-04-18,https://www.dshs.texas.gov/news-alerts/measles-outbreak-2025,,2025-04-18,0,0.0,0
,Prince George's,Maryland,-76.8473,38.8295,955584,2,2.0,0,0.0,0.0,2.0,0.0,0.0,0.0,0.0,2.0,0.89,0.85-0.90,03/10/2025,,,https://health.maryland.gov/newsroom/Pages/Two-cases-of-measles-confirmed-in-Maryland-residents-with-recent-international-travel.aspx,,2025-03-10,0,0.0,0
,Providence,Rhode Island,-71.58,41.8721,658977,1,1.0,0,0.0,1.0,0.0,0.0,0.0,1.0,0.0,0.0,0.92,0.90-0.95,01/18/2025,,"a young, unvaccinated child with a recent history of international travel.",https://www.ri.gov/press/view/48669,,2025-01-18,0,0.0,0
,Pueblo,Colorado,-104.5127,38.1735,168726,1,1.0,0,0.0,1.0,0.0,0.0,0.0,0.0,1.0,0.0,,,03/31/2025,,"First case, travel to Mexico, an unvaccinated adult Pueblo, Colorado resident.",https://cdphe.colorado.gov/press-release/one-measles-case-confirmed-in-colorado-resident-with-recent-international-travel,,2025-03-31,0,0.0,0
,Putnam,Indiana,-86.845,39.6663,37091,1,0.0,1,0.0,0.0,1.0,0.0,0.0,0.0,0.0,1.0,,,07/08/2025,,,https://www.facebook.com/PCHDIndiana/posts/pfbid02nhU1pmnnhjnb69kVAr2LsRa2GzbjZsaZHQrNwje2AkhFrAqGDeN8msNFLxgKqo97l,,2025-07-08,0,0.0,0
,Putnam,New York,-73.7495,41.4267,97988,1,0.0,1,0.0,0.0,1.0,0.0,0.0,0.0,0.0,1.0,,,06/03/2025,,,https://www.nyc.gov/site/doh/health/health-topics/measles.page,,2025-06-03,0,0.0,0
,Rains,Texas,-95.7934,32.8703,12505,1,1.0,0,0.0,0.0,1.0,0.0,0.0,0.0,1.0,0.0,,,09/04/2025,,"NET Health received confirmation of a travel-related positive case of measles in an adult resident of Rains County, Texas. The individual has voluntarily remained isolated at their
residence throughout their contagious period and has recovered from their case of measles.",https://www.co.rains.tx.us,,2025-09-04,0,0.0,0
,Randall,Texas,-101.897,34.9659,143791,3,0.0,3,,,,,,,,,,,05/23/2025,,,https://www.dshs.texas.gov/news-alerts/measles-outbreak-2025,,2025-05-23,0,0.0,0
,Reeves,Texas,-103.693,31.323,13219,2,0.0,2,,,,,,,,,,,05/30/2025,,,https://www.dshs.texas.gov/news-alerts/measles-outbreak-2025,,2025-05-30,0,0.0,0
,Region 1,Louisiana,-89.999761,29.903565,875761,2,1.0,1,0.0,1.0,1.0,0.0,0.0,0.0,1.0,1.0,,,04/22/2025,,the second case was only reported in the media,https://ldh.la.gov/news/measles-whooping-cough-update,,2025-04-22,0,0.0,0
,Region 9,Louisiana,-90.262548,30.506128,"606,219",1,1.0,0,0.0,0.0,1.0,0.0,0.0,0.0,1.0,0.0,,,11/10/2025,,"ne case of measles in an adult resident of Region 9 (comprised of Livingston, St. Helena, St. Tammany, Tangipahoa, and Washington parishes). The patient was exposed to measles during international travel. ",https://ldh.la.gov/news/measles-exposure-r9,,2025-11-10,0,0.0,0
,Riverside,California,-115.9938,33.7436,2449909,1,1.0,0,0.0,0.0,1.0,0.0,0.0,0.0,1.0,0.0,,,04/03/2025,,"nine case in the state. International travel, Coachella Valley adult tests positive for measles",https://www.cdph.ca.gov/Programs/CID/DCDC/Pages/Immunization/measles.aspx,,2025-04-03,0,0.0,0
,Rockland,New York,-74.0242,41.1525,338936,21,2.0,19,0.0,0.0,21.0,0.0,0.0,0.0,0.0,21.0,,,12/19/2025,,,https://www.health.ny.gov/diseases/communicable/measles/,,2025-12-19,8,0.0,8
,Rockwall,Texas,-96.4079,32.8978,116931,2,0.0,2,,,,,,,,,0.96,,04/23/2025,,Added 1 new cases on 2025-04-23,https://www.dshs.texas.gov/news-alerts/measles-outbreak-2025,,2025-04-23,0,0.0,0
,Sacramento,California,-121.3443,38.4493,1584047,1,1.0,0,0.0,1.0,0.0,0.0,0.0,1.0,0.0,0.0,,,06/16/2025,,has confirmed a case of measles in an unvaccinated child who recently returned from international travel.,https://www.saccounty.gov/us/en/articles/2025-articles/sacramento-county-confirms-measles-case-amid-national-surge.html#gsc.tab=0,,2025-06-16,0,0.0,0
,Saline,Arkansas,-92.6766,34.6466,125724,1,1.0,0,0.0,1.0,0.0,0.0,0.0,1.0,0.0,0.0,,,04/10/2025,,"pediatric measles case in an unvaccinated Arkansas resident from Saline County
unvaccinated Arkansas resident from Saline County",https://healthy.arkansas.gov/article/first-case-of-measles-in-arkansas-identified-since-2018/,,2025-04-10,0,0.0,0
,Salt Lake,Utah,-111.9236,40.6673,1184689,4,0.0,4,0.0,0.0,4.0,0.0,0.0,0.0,0.0,4.0,,,12/22/2025,,,https://files.epi.utah.gov/Utah%20measles%20dashboard.html,,2025-12-22,1,0.0,1
,San Diego,California,-116.735,33.0343,3282782,1,1.0,0,0.0,0.0,1.0,0.0,0.0,1.0,0.0,0.0,,,08/11/2025,,a teenage resident who had recently traveled overseas.,https://www.sandiegocounty.gov/content/sdc/hhsa/programs/phs/community_epidemiology/dc/Measles/Measles2025.html,,2025-08-11,0,0.0,0
,San Juan,New Mexico,-108.3206,36.5085,121178,1,0.0,1,,,,,,,,,,,06/03/2025,,,https://www.nmhealth.org/about/erd/ideb/mog/,,2025-06-03,0,0.0,0
,San Mateo,California,-122.3291,37.4228,745100,1,1.0,0,0.0,0.0,1.0,0.0,0.0,0.0,0.0,1.0,,,03/31/2025,,,https://www.cdph.ca.gov/Programs/CID/DCDC/Pages/Immunization/measles.aspx,,2025-03-31,0,0.0,0
,Sandoval,New Mexico,-106.8659,35.6886,151538,6,0.0,6,,,,,,,,,,,05/23/2025,,Added 4 ,https://www.nmhealth.org/about/erd/ideb/mog/,,2025-05-23,0,0.0,0
,Santa Clara,California,-121.6951,37.2318,1903297,1,1.0,0,0.0,0.0,1.0,0.0,0.0,0.0,1.0,0.0,,,05/25/2025,,The person tested positive after returning from international travel. ,"https://publichealthproviders.santaclaracounty.gov/measles-case-confirmed-santa-clara-county-public-exposures#:~:text=A%20case%20of%20measles%20with,after%20returning%20from%20international%20travel.",,2025-05-25,0,0.0,0
,Santa Fe,New Mexico,-105.9763,35.5069,155175,5,1.0,4,,,,,,,,,,,08/10/2025,,,https://www.nmhealth.org/about/erd/ideb/mog/,,2025-08-10,0,0.0,0
,Scurry,Texas,-100.9164,32.7463,16633,1,0.0,1,0.0,0.0,1.0,0.0,0.0,0.0,0.0,1.0,,,05/23/2025,,Added 1 initial cases on 2025-05-23,https://www.dshs.texas.gov/news-alerts/measles-outbreak-2025,,2025-05-23,0,0.0,0
,Shackelford,Texas,-99.354,32.7359,3169,1,0.0,1,0.0,0.0,1.0,0.0,0.0,0.0,0.0,1.0,,,04/29/2025,,Added 1 initial cases on 2025-05-01,https://www.dshs.texas.gov/news-alerts/measles-outbreak-2025,,2025-04-29,0,0.0,0
,Sheridan,Nebraska,-102.4089,42.5048,5058,1,1.0,0,0.0,0.0,0.0,1.0,0.0,1.0,0.0,0.0,,,05/28/2025,,The patient is an appropriately vaccinated child with no out-of-state travel history.,https://dhhs.ne.gov/Pages/First-Confirmed-Measles-Case-Reported-in-Nebraska.aspx,,2025-05-28,0,0.0,0
,Snohomish,Washington,-121.6972,48.0474,834648,2,2.0,0,0.0,0.0,2.0,0.0,1.0,0.0,1.0,0.0,0.84,<0.85,04/02/2025,,The infant was likely exposed to measles during recent travel abroad,https://kingcounty.gov/en/dept/dph/about-king-county/about-public-health/news/news-archive-2025/04-02-measles,,2025-04-02,0,0.0,0
,South Central Connecticut,Connecticut,-72.8445,41.3613,566803,1,0.0,1,0.0,1.0,0.0,0.0,0.0,1.0,0.0,0.0,,,12/11/2025,,an unvaccinated Fairfield County child under the age of 10.,https://portal.ct.gov/dph/newsroom/press-releases---2025/measles-case-in-connecticut?language=en_US,,2025-12-11,1,0.0,1
,Southeast Health District,Utah,-110.3702,39.3252,"40,111",3,0.0,3,0.0,2.0,1.0,0.0,0.0,0.0,0.0,3.0,,,09/11/2025,,,https://files.epi.utah.gov/Utah%20measles%20dashboard.html,,2025-09-11,0,0.0,0
,Southwest Health District,Utah,-113.3625,37.449,"270,366",101,0.0,101,5.0,51.0,27.0,18.0,0.0,6.0,4.0,91.0,,,12/23/2025,,,https://files.epi.utah.gov/Utah%20measles%20dashboard.html,,2025-12-23,19,0.0,19
,Spokane,Washington,-117.404,47.6207,544323,1,1.0,0,0.0,0.0,1.0,0.0,1.0,0.0,0.0,0.0,,,08/25/2025,,,https://doh.wa.gov/you-and-your-family/illness-and-disease-z/measles/measles-cases-washington-state-2025,,2025-08-25,0,0.0,0
,Stevens,Kansas,-101.3121,37.1923,5212,10,,10,,,,,,,,,0.85,0.85-0.90,07/16/2025,,County Level vaccination data not available,https://www.kdhe.ks.gov/2314/Measles-Data,,2025-07-16,0,,0
,Suffolk,New York,-72.8456,40.8681,1525680,1,,1,0.0,1.0,0.0,0.0,1.0,0.0,0.0,0.0,0.85,<0.85,03/11/2025,,"Third case of the state, a patient less than 5 years of age who resides in Suffolk County",https://www.health.ny.gov/press/releases/2025/2025-03-11_measles.htm,,2025-03-11,0,0.0,0
,Taney,Missouri,-93.0411,36.6548,56382,1,1.0,0,0.0,0.0,1.0,0.0,0.0,1.0,0.0,0.0,,,04/18/2025,,a confirmed case of measles in a visitor of Taney County associated with recent international travel. The case is in a child whose vaccination status has not yet been verified.,https://health.mo.gov/news/newsitem/uuid/58f781a5-e996-4c78-918c-07b00af263cf/case-of-measles-confirmed-in-traveler-to-missouri,,2025-04-18,0,0.0,0
,Tarrant,Texas,-97.2911,32.7719,2135743,4,0.0,4,,0.0,4.0,0.0,0.0,0.0,0.0,4.0,,,05/27/2025,,Added 2 new cases non-oubreak,https://www.dshs.texas.gov/news-alerts/measles-outbreak-2025,,2025-05-27,0,0.0,0
,Terry,Texas,-102.3352,33.1738,11699,60,0.0,60,,,,,,,,,0.88,0.85-0.90,05/06/2025,,Added 1 new cases on 2025-05-06,https://www.dshs.texas.gov/news-alerts/measles-outbreak-2025,,2025-05-06,0,0.0,0
,Todd,Kentucky,-87.1792,36.8357,12330,1,0.0,1,,,,,,,,,,,06/30/2025,,,https://www.chfs.ky.gov/agencies/dph/dehp/idb/Pages/measles.aspx,,2025-06-30,0,0.0,0
,Travis,Texas,-97.782,30.3344,1307625,2,0.0,2,0.0,0.0,2.0,0.0,0.0,0.0,0.0,2.0,0.93,0.90-0.95,05/02/2025,,Added 1 new cases on 2025-05-05,https://www.dshs.texas.gov/news-alerts/measles-outbreak-2025,,2025-05-02,0,0.0,0
,Tulare,California,-118.8005,36.2202,475774,2,0.0,2,0.0,2.0,0.0,0.0,0.0,2.0,0.0,0.0,,,07/24/2025,,,https://www.cdph.ca.gov/Programs/CID/DCDC/Pages/Immunization/measles.aspx,,2025-07-24,0,0.0,0
,Tuolumne,California,-119.9548,38.0276,54873,2,2.0,0,0.0,0.0,2.0,0.0,0.0,1.0,1.0,0.0,0.88,0.85-0.90,03/19/2025,,an adult and child under the age of 18 from the same household. The two recently traveled internationally.,https://www.cdph.ca.gov/Programs/CID/DCDC/Pages/Immunization/measles.aspx,,2025-03-19,0,0.0,0
,Twin Cities Metro Area,Minnesota,-93.2903,44.9708,3156517,10,10.0,0,0.0,10.0,0.0,0.0,0.0,0.0,0.0,10.0,,,10/01/2025,,These new measles cases can all be tied to either domestic or international travel and all of the new cases are among unvaccinated people. ,https://www.health.state.mn.us/news/pressrel/2025/measles100125.html,,2025-10-01,0,0.0,0
,Unknown County,California,-119.347852,35.491035,39538223,3,0.0,3,0.0,0.0,3.0,0.0,0.0,0.0,0.0,3.0,,,12/08/2025,,,https://www.cdph.ca.gov/Programs/CID/DCDC/Pages/Immunization/measles.aspx,,2025-12-08,0,0.0,0
,Unknown County,Idaho,-115.22461,44.220476,1839106,2,0.0,2,0.0,0.0,2.0,0.0,0.0,0.0,0.0,2.0,,,09/30/2025,,,https://healthandwelfare.idaho.gov/health-wellness/diseases-conditions/measles,,2025-09-30,0,0.0,0
,Unknown County,Illinois,-88.372974,41.312077,12812508,2,0.0,2,0.0,0.0,2.0,0.0,0.0,0.0,0.0,2.0,,,10/22/2025,,,https://dph.illinois.gov/topics-services/diseases-and-conditions/measles.html,,2025-10-22,0,0.0,0
,Unknown County,Kansas,-96.409286,38.480984,2937880,20,,20,,,,,,,,,,,11/02/2025,,,https://www.kdhe.ks.gov/2314/Measles-Data,,2025-11-02,0,,0
,Unknown County,Kentucky,-85.261296,37.838308,4505836,1,1.0,0,,,,,,,,,,,06/30/2025,,International resident,https://www.chfs.ky.gov/agencies/dph/dehp/idb/Pages/measles.aspx,,2025-06-30,0,0.0,0
,Unknown County,Minnesota,-93.558751,45.18999,5706494,11,0.0,11,0.0,0.0,11.0,0.0,0.0,0.0,0.0,11.0,,,12/05/2025,,,https://www.health.state.mn.us/diseases/measles/stats.html,,2025-12-05,0,0.0,0
,Unknown County,New Jersey,-74.424465,40.438248,9288994,3,2.0,1,0.0,0.0,3.0,0.0,0.0,0.0,0.0,3.0,,,10/29/2025,,,https://www.nj.gov/health/measles/,,2025-10-29,0,0.0,0
,Unknown County,Oklahoma,-96.854171,35.606866,3959353,17,0.0,17,0.0,14.0,2.0,1.0,0.0,0.0,0.0,17.0,0.95,0.90-0.95,06/13/2025,,,https://oklahoma.gov/health/health-education/acute-disease-service/rash-illness/measles.html,,2025-06-13,0,0.0,0
,Unknown County,Pennsylvania,-76.965232,40.443486,13002700,1,1.0,0,0.0,0.0,1.0,0.0,0.0,0.0,0.0,1.0,,,08/21/2025,,Pennsylvania Department of Health Announces Confirmed Measles Case in Out-of-State Individual who visited Multiple PA Counties,https://www.pa.gov/agencies/health/newsroom/doh-announces-confirmed-measles-case-in-out-of-state-individual,,2025-08-21,0,0.0,0
,Unknown County,South Carolina,-80.996482,34.022471,5118425,3,0.0,3,0.0,0.0,3.0,0.0,0.0,0.0,0.0,3.0,,,11/25/2025,,,https://dph.sc.gov/news/tuesday-measles-update-dph-reports-three-new-measles-cases-upstate-bringing-outbreak-total-55,,2025-11-25,0,0.0,0
,Upper Cumberland Region,Tennessee,-85.5394,36.1541,367060,4,0.0,4,0.0,4.0,0.0,0.0,0.0,2.0,2.0,0.0,,,04/16/2025,,,https://www.tn.gov/health/cedep/reportable-diseases/measles-rubeola.html,,2025-04-16,0,0.0,0
,Upshur,Texas,-94.9415,32.7363,41864,5,0.0,5,,,,,,,,,,,05/02/2025,,Moved to the outbreak cases and case numbers corrected,https://www.dshs.texas.gov/news-alerts/measles-outbreak-2025,,2025-05-02,0,0.0,0
,Upstate,South Carolina,-82.32325826,34.77834072,1549634,153,5.0,148,0.0,49.0,102.0,2.0,10.0,31.0,6.0,106.0,,,12/23/2025,,,https://dph.sc.gov/news/tuesday-measles-update-dph-reports-nine-new-measles-cases-upstate-bringing-outbreak-total-153,,2025-12-23,42,0.0,42
,Utah,Utah,-111.6702,40.1199,683622,16,0.0,16,1.0,8.0,7.0,0.0,0.0,2.0,5.0,9.0,,,12/22/2025,,,https://dhhs.utah.gov/featured-news/measles-in-utah-residents/,,2025-12-22,6,0.0,6
,Wasatch,Utah,-111.1682,40.3308,35808,9,0.0,9,0.0,8.0,1.0,0.0,0.0,0.0,0.0,9.0,,,12/09/2025,,,https://files.epi.utah.gov/Utah%20measles%20dashboard.html,,2025-12-09,0,0.0,0
,Washington,District of Columbia,-77.0163,38.9047,672079,1,1.0,0,0.0,0.0,1.0,0.0,0.0,0.0,0.0,1.0,,,06/14/2025,," DC Department of Health (DC Health) has been notified of a confirmed case of measles in an international traveler who recently arrived in Washington, DC. DC Health is notifying individuals who were at the following locations that they may have been exposed to the virus.",https://dchealth.dc.gov/release/health-officials-investigation-measles-case-dc,,2025-06-14,0,0.0,0
,Washington,Minnesota,-92.8838,45.0388,272298,1,1.0,0,0.0,0.0,1.0,0.0,0.0,0.0,1.0,0.0,,,06/02/2025,,The case is a Washington County adult whose vaccination status is unverified. The individual was exposed during domestic air travel outside of Minnesota.,https://www.health.state.mn.us/news/pressrel/2025/measles060225.html,,2025-06-02,0,0.0,0
,Weld,Colorado,-104.3925,40.5548,340711,1,0.0,1,0.0,0.0,1.0,0.0,0.0,0.0,0.0,1.0,,,12/15/2025,,,https://cdphe.colorado.gov/dcphr/measles-information,,2025-12-15,1,0.0,1
,Western,Iowa,-95.10435,41.97493056,606405,1,0.0,1,0.0,0.0,0.0,1.0,0.0,0.0,1.0,0.0,,,07/22/2025,,,https://hhs.iowa.gov/center-acute-disease-epidemiology/disease-information,,2025-07-22,0,0.0,0
,Whatcom,Washington,-121.7199,48.8259,228432,2,2.0,0,0.0,0.0,2.0,0.0,1.0,0.0,1.0,0.0,,,06/23/2025,,,https://www.whatcomcounty.us/CivicAlerts.aspx?AID=5000,,2025-06-23,0,0.0,0
,Williams,North Dakota,-103.4802,48.3437,39368,18,1.0,17,0.0,18.0,0.0,0.0,1.0,13.0,4.0,0.0,,,07/14/2025,,,https://www.hhs.nd.gov/health/data,,2025-07-14,0,0.0,0
,Williamson,Illinois,-88.9299,37.7303,66902,4,0.0,4,0.0,0.0,4.0,0.0,0.0,0.0,1.0,3.0,,,05/05/2025,,,https://dph.illinois.gov/resource-center/news/2025/may/release-20250505.html,,2025-05-05,0,0.0,0
,Williamson,Texas,-97.6004,30.6475,643889,8,0.0,8,0.0,0.0,8.0,0.0,0.0,0.0,0.0,8.0,,,08/07/2025,,6 non outbreak cases,https://www.dshs.texas.gov/news-alerts/measles-outbreak-2025,,2025-08-07,0,0.0,0
,Woodford,Kentucky,-84.7436,38.0424,27017,3,0.0,3,,,,,,,,,,,06/30/2025,,,https://www.chfs.ky.gov/agencies/dph/dehp/idb/Pages/measles.aspx,,2025-06-30,0,0.0,0
,Yellowstone,Montana,-108.2744,45.9373,167340,4,0.0,4,0.0,0.0,4.0,0.0,0.0,2.0,0.0,2.0,,,07/20/2025,,,https://dphhs.mt.gov/publichealth/cdepi/diseases/Measles,,2025-07-20,0,0.0,0
,Yoakum,Texas,-102.8278,33.173,7589,20,0.0,20,,,,,,,,,0.86,0.85-0.90,05/06/2025,,Added 1 new cases on 2025-05-06,https://www.dshs.texas.gov/news-alerts/measles-outbreak-2025,,2025-05-06,0,0.0,0
,Yolo,California,-121.9011,38.6866,217782,1,0.0,1,0.0,0.0,1.0,0.0,0.0,0.0,1.0,0.0,,,06/06/2025,,"The affected adult, whose vaccination status is unknown, is experiencing mild illness and is recovering at home. The source of the infection is under investigation. The individual may have been exposed during recent air travel to a state without a known outbreak or may have contracted the virus locally.",https://www.yolocounty.gov/Home/Components/News/News/13957/5136,,2025-06-06,0,0.0,0
